it,GG_mean,DG_mean,DG_CL_mean,CL_mean,GG_avar,DG_avar,DG_CL_avar,CL_avar,simulation,network_size
0.0,0.0,0.0,0.0,0.0,0.0,0.0,0.0,0.0,4.5,8.0
3.125,0.018738095238087504,0.1027029220779,0.12931547619046252,0.00815972222221625,0.003197324263034887,0.04064778642171727,0.06230817743764353,0.0016558504188683761,4.5,8.0
6.25,0.0720561938061775,0.25842814793897506,0.3299959415584375,0.03618215499454501,0.009350752733065161,0.07164838262627503,0.07808860551239324,0.0033175450401323205,4.5,8.0
9.375,0.1276538406446225,0.42624316308682497,0.467810713591965,0.05885586565640625,0.010205084645645464,0.06937765044180258,0.061057949225376204,0.004851909126080709,4.5,8.0
12.5,0.18560275804133125,0.517979506196425,0.5540095382558375,0.10176035460124624,0.011847415330931935,0.04088222159025822,0.04624537055758255,0.006300565117174706,4.5,8.0
15.625,0.23871242466989254,0.5984314142385375,0.6116996832179751,0.12990954968943752,0.014273771833692267,0.02692898466912292,0.034819572721749306,0.00818208652277765,4.5,8.0
18.75,0.275987046262545,0.6444201551470751,0.6654876666226999,0.173,0.015368632698982814,0.023659368389063462,0.028231962147709698,0.010262857142857143,4.5,8.0
21.875,0.31970129720809753,0.6829959749979626,0.7163384462073249,0.21949999999999997,0.015146837289468394,0.019110455253970017,0.02235361127863838,0.012271428571428574,4.5,8.0
25.0,0.36095514931927125,0.7225683849254375,0.7637731021600624,0.24050000000000002,0.016650798202464834,0.015588373323362348,0.017344783280778184,0.013717142857142858,4.5,8.0
28.125,0.41207954545455,0.7612508730860749,0.8160998091820624,0.2725,0.01856654515938331,0.01467036550060894,0.013817858377956526,0.016425714285714287,4.5,8.0
31.25,0.4368478260869625,0.8028812677279749,0.8680834980237249,0.3075,0.015127318390493161,0.012663697056239893,0.009884779256450218,0.01558,4.5,8.0
34.375,0.4709999999999999,0.845496962515,0.89852417048055,0.3415,0.016577142857142856,0.010258294661314275,0.007269660989994748,0.01636857142857143,4.5,8.0
37.5,0.5085,0.8845852272727249,0.9259047619047627,0.37100000000000005,0.014374285714285714,0.008247530950742137,0.0041071201814058995,0.016165714285714287,4.5,8.0
40.625,0.5245,0.9128333333333375,0.9445,0.36449999999999994,0.012654285714285715,0.00641936507936311,0.003202857142857142,0.014300000000000004,4.5,8.0
43.75,0.542,0.9364999999999999,0.9565000000000001,0.37100000000000005,0.012405714285714287,0.0038542857142857137,0.0026371428571428574,0.01366857142857143,4.5,8.0
46.875,0.5655,0.9450000000000001,0.9635,0.37100000000000005,0.014351428571428567,0.0029885714285714264,0.001951428571428571,0.015154285714285714,4.5,8.0
50.0,0.574,0.952,0.9654999999999999,0.38100000000000006,0.013942857142857146,0.001708571428571428,0.0014999999999999996,0.01810285714285715,4.5,8.0
53.125,0.586,0.958,0.9734999999999999,0.4095,0.012920000000000001,0.0016285714285714284,0.0011800000000000003,0.01927714285714286,4.5,8.0
56.25,0.5985000000000001,0.9594999999999999,0.9724999999999999,0.4135000000000001,0.011357142857142859,0.0018199999999999994,0.001328571428571429,0.024454285714285717,4.5,8.0
59.375,0.6225,0.9640000000000001,0.9764999999999999,0.40549999999999997,0.009625714285714284,0.0013314285714285715,0.0012828571428571435,0.022191428571428567,4.5,8.0
62.5,0.6154999999999999,0.9675,0.9734999999999998,0.4175000000000001,0.009688571428571427,0.00138,0.0017457142857142856,0.024328571428571432,4.5,8.0
65.625,0.6335,0.97,0.9719999999999999,0.4135,0.0077571428571428565,0.0012971428571428572,0.0019028571428571426,0.01791714285714286,4.5,8.0
68.75,0.638,0.9734999999999999,0.9695,0.4335,0.007965714285714286,0.0012885714285714286,0.0021228571428571438,0.015545714285714288,4.5,8.0
71.875,0.6459999999999999,0.9734999999999999,0.97,0.45050000000000007,0.009868571428571428,0.0014314285714285705,0.002228571428571429,0.015208571428571429,4.5,8.0
75.0,0.649,0.9705,0.9695,0.46099999999999997,0.010971428571428566,0.0014657142857142855,0.001968571428571428,0.01340571428571429,4.5,8.0
78.125,0.651,0.9695,0.968,0.46299999999999997,0.011377142857142853,0.0014257142857142854,0.0021199999999999995,0.01712571428571429,4.5,8.0
81.25,0.6469999999999999,0.968,0.966,0.4755000000000001,0.011977142857142856,0.0015257142857142852,0.0024399999999999995,0.014602857142857143,4.5,8.0
84.375,0.651,0.9664999999999999,0.9655000000000001,0.48699999999999993,0.011731428571428571,0.0017000000000000001,0.0021742857142857137,0.014371428571428571,4.5,8.0
87.5,0.665,0.967,0.9640000000000001,0.47650000000000003,0.012657142857142856,0.0016971428571428567,0.002011428571428571,0.016888571428571426,4.5,8.0
90.625,0.6745,0.9705,0.9629999999999999,0.4584999999999999,0.010774285714285712,0.0015971428571428573,0.0021999999999999997,0.017282857142857145,4.5,8.0
93.75,0.669,0.9674999999999999,0.9640000000000001,0.46699999999999997,0.009268571428571426,0.0019571428571428574,0.002085714285714286,0.018680000000000006,4.5,8.0
96.875,0.674,0.968,0.9650000000000001,0.4455,0.008034285714285713,0.001794285714285714,0.0020342857142857146,0.01798571428571429,4.5,8.0
100.0,0.682,0.9729999999999999,0.969,0.44300000000000006,0.011022857142857143,0.0015485714285714282,0.0015314285714285714,0.023817142857142863,4.5,8.0
103.125,0.6675,0.9710000000000001,0.9684999999999999,0.45899999999999996,0.01107142857142857,0.0016742857142857139,0.0015399999999999995,0.02217714285714286,4.5,8.0
106.25,0.6814999999999999,0.9695,0.968,0.47350000000000003,0.011894285714285715,0.0019228571428571428,0.0014857142857142857,0.020437142857142855,4.5,8.0
109.375,0.6675000000000002,0.9705,0.9670000000000002,0.4795,0.012808571428571428,0.0018142857142857138,0.0016742857142857145,0.018151428571428575,4.5,8.0
112.5,0.674,0.9674999999999999,0.9695,0.5065000000000002,0.014257142857142857,0.0016885714285714282,0.0013571428571428575,0.015454285714285716,4.5,8.0
115.625,0.6804999999999999,0.9674999999999999,0.97,0.518,0.012499999999999999,0.00162,0.001411428571428572,0.013428571428571429,4.5,8.0
118.75,0.6859999999999999,0.9684999999999999,0.9695,0.5135,0.011131428571428572,0.0014371428571428569,0.0015857142857142858,0.013665714285714286,4.5,8.0
121.875,0.6785,0.9714999999999998,0.9705,0.506,0.009859999999999997,0.0015342857142857144,0.0016828571428571433,0.016537142857142854,4.5,8.0
125.0,0.6835,0.9709999999999999,0.9685,0.502,0.010402857142857139,0.0012914285714285714,0.002614285714285714,0.01424,4.5,8.0
128.125,0.7005,0.97,0.9694999999999998,0.512,0.011242857142857141,0.0012971428571428576,0.002374285714285714,0.015902857142857142,4.5,8.0
131.25,0.6899999999999998,0.9695,0.969,0.5065,0.009342857142857142,0.0012028571428571429,0.0024285714285714284,0.014442857142857143,4.5,8.0
134.375,0.7064999999999999,0.9710000000000001,0.9650000000000002,0.5245,0.008642857142857143,0.0012914285714285714,0.0027314285714285713,0.01375714285714286,4.5,8.0
137.5,0.715,0.9700000000000001,0.9615,0.5105000000000001,0.010605714285714286,0.0016799999999999999,0.002825714285714285,0.01576857142857143,4.5,8.0
140.625,0.7104999999999999,0.9680000000000002,0.9625,0.5025000000000001,0.009465714285714284,0.001662857142857143,0.0023342857142857145,0.015117142857142853,4.5,8.0
143.75,0.7129999999999999,0.9695,0.962,0.4965,0.007742857142857143,0.0016085714285714284,0.0025199999999999997,0.01996285714285714,4.5,8.0
146.875,0.7184999999999999,0.97,0.9629999999999999,0.4965,0.007997142857142857,0.0015314285714285712,0.0021371428571428574,0.019237142857142855,4.5,8.0
150.0,0.732,0.9734999999999999,0.9650000000000001,0.5035000000000001,0.008754285714285711,0.0014199999999999996,0.001411428571428571,0.01944857142857143,4.5,8.0
153.125,0.7174999999999999,0.9715,0.9664999999999999,0.526,0.008659999999999998,0.001408571428571428,0.001094285714285714,0.016485714285714284,4.5,8.0
156.25,0.7159999999999999,0.9695,0.9640000000000001,0.5219999999999999,0.010348571428571426,0.001431428571428571,0.0013600000000000003,0.014897142857142859,4.5,8.0
159.375,0.716,0.9695,0.9645000000000001,0.51,0.010114285714285711,0.0013857142857142844,0.0015228571428571429,0.016474285714285712,4.5,8.0
162.5,0.704,0.9670000000000002,0.9665000000000001,0.5085,0.010388571428571428,0.0015257142857142856,0.0015628571428571423,0.013962857142857143,4.5,8.0
165.625,0.713,0.9685,0.9660000000000002,0.5229999999999999,0.011445714285714288,0.0013571428571428562,0.0016228571428571425,0.01787428571428571,4.5,8.0
168.75,0.7149999999999999,0.967,0.969,0.518,0.01194857142857143,0.001559999999999999,0.0014685714285714287,0.017794285714285714,4.5,8.0
171.875,0.7259999999999999,0.9644999999999999,0.9715,0.5375,0.011491428571428573,0.0017342857142857142,0.0015342857142857142,0.01858571428571429,4.5,8.0
175.0,0.725,0.9635,0.9730000000000001,0.525,0.012314285714285713,0.0016428571428571425,0.0016914285714285705,0.01718857142857143,4.5,8.0
178.125,0.737,0.9620000000000001,0.975,0.5285,0.012714285714285716,0.0019542857142857144,0.0016285714285714276,0.01848857142857143,4.5,8.0
181.25,0.7314999999999999,0.9635000000000001,0.9725000000000001,0.5275000000000001,0.011694285714285714,0.0018257142857142853,0.0016542857142857136,0.019877142857142854,4.5,8.0
184.375,0.7375,0.966,0.9745000000000001,0.54,0.01158,0.0017485714285714292,0.001465714285714286,0.02082285714285714,4.5,8.0
187.5,0.7245,0.9644999999999999,0.9715,0.537,0.010945714285714284,0.0017342857142857147,0.0019399999999999997,0.017297142857142855,4.5,8.0
190.625,0.7145,0.9620000000000001,0.9715,0.5379999999999999,0.009374285714285712,0.00184,0.0021171428571428574,0.014914285714285713,4.5,8.0
193.75,0.713,0.9605,0.969,0.5445,0.01050857142857143,0.0017114285714285708,0.0021200000000000004,0.014991428571428572,4.5,8.0
196.875,0.712,0.9640000000000001,0.9719999999999999,0.5335,0.013022857142857142,0.0018228571428571421,0.0017485714285714288,0.016854285714285714,4.5,8.0
200.0,0.7164999999999999,0.9640000000000001,0.9719999999999999,0.5145000000000001,0.01174,0.001708571428571428,0.002017142857142857,0.02034571428571429,4.5,8.0
203.125,0.7110000000000001,0.9669999999999999,0.9739999999999999,0.5035000000000001,0.011434285714285713,0.0015657142857142853,0.0019200000000000003,0.020528571428571427,4.5,8.0
206.25,0.7129999999999999,0.9704999999999998,0.9730000000000001,0.5175,0.009268571428571428,0.0014371428571428569,0.001954285714285714,0.017814285714285713,4.5,8.0
209.375,0.7149999999999999,0.9704999999999998,0.9764999999999999,0.5205,0.012428571428571428,0.0015514285714285712,0.0014885714285714285,0.017797142857142862,4.5,8.0
212.5,0.7175,0.9739999999999999,0.9764999999999999,0.5275000000000001,0.010722857142857143,0.001234285714285714,0.0013228571428571434,0.020020000000000003,4.5,8.0
215.625,0.7235000000000001,0.9744999999999997,0.9764999999999999,0.5265,0.010968571428571428,0.0012485714285714285,0.0013685714285714286,0.019522857142857147,4.5,8.0
218.75,0.7184999999999999,0.9750000000000002,0.9754999999999999,0.537,0.01072857142857143,0.0012114285714285714,0.0013914285714285715,0.015262857142857144,4.5,8.0
221.875,0.7324999999999999,0.9764999999999999,0.975,0.5435000000000001,0.010265714285714284,0.0011,0.0014800000000000002,0.01647714285714286,4.5,8.0
225.0,0.7260000000000001,0.9755,0.9770000000000001,0.5325,0.010868571428571429,0.0010542857142857144,0.0012114285714285718,0.016528571428571434,4.5,8.0
228.125,0.73,0.9755,0.9765,0.5385000000000001,0.00948,0.0011342857142857146,0.0011400000000000002,0.017242857142857147,4.5,8.0
231.25,0.74,0.9744999999999999,0.9804999999999999,0.544,0.009971428571428572,0.0010657142857142855,0.0009971428571428575,0.01890285714285714,4.5,8.0
234.375,0.7485,0.975,0.977,0.5439999999999999,0.009608571428571428,0.0010285714285714284,0.0012228571428571434,0.021485714285714285,4.5,8.0
237.5,0.7515,0.9754999999999999,0.9760000000000002,0.55,0.009682857142857142,0.0010942857142857139,0.001068571428571429,0.021977142857142855,4.5,8.0
240.625,0.7529999999999999,0.9730000000000001,0.9765,0.5569999999999999,0.009308571428571428,0.0011542857142857145,0.0008371428571428577,0.020908571428571426,4.5,8.0
243.75,0.7619999999999999,0.9734999999999999,0.978,0.5655000000000001,0.008845714285714287,0.0012428571428571432,0.0007600000000000005,0.02027142857142857,4.5,8.0
246.875,0.7384999999999999,0.9744999999999999,0.977,0.575,0.0077914285714285715,0.0013342857142857147,0.0007142857142857148,0.019954285714285713,4.5,8.0
250.0,0.7394999999999999,0.974,0.9745000000000001,0.5625000000000001,0.006717142857142857,0.0013485714285714284,0.0007800000000000001,0.018597142857142857,4.5,8.0
253.125,0.7629999999999999,0.9745000000000001,0.975,0.5555,0.007445714285714286,0.0012828571428571427,0.000765714285714286,0.019557142857142856,4.5,8.0
256.25,0.7565,0.9729999999999999,0.9775,0.5405,0.008065714285714284,0.0009371428571428574,0.0009171428571428571,0.018682857142857143,4.5,8.0
259.375,0.7595,0.9755000000000003,0.9784999999999998,0.5515,0.007271428571428572,0.0008657142857142856,0.0008942857142857146,0.01668285714285714,4.5,8.0
262.5,0.7539999999999999,0.9800000000000001,0.9789999999999999,0.5455,0.007268571428571428,0.0008685714285714288,0.0010971428571428575,0.015579999999999997,4.5,8.0
265.625,0.7494999999999999,0.9789999999999999,0.9779999999999998,0.5539999999999999,0.007025714285714286,0.0009542857142857145,0.0010457142857142859,0.015965714285714284,4.5,8.0
268.75,0.7779999999999999,0.9780000000000001,0.978,0.5565,0.005742857142857145,0.0010171428571428567,0.0010342857142857146,0.017082857142857143,4.5,8.0
271.875,0.7615,0.9755,0.9774999999999998,0.5529999999999999,0.006591428571428572,0.0010714285714285708,0.001128571428571429,0.01712571428571429,4.5,8.0
275.0,0.7684999999999998,0.9739999999999999,0.976,0.558,0.00591142857142857,0.0014057142857142855,0.0010800000000000007,0.01884571428571429,4.5,8.0
278.125,0.7464999999999999,0.9724999999999999,0.9755,0.5545,0.008077142857142856,0.0014828571428571432,0.0011228571428571429,0.01571714285714286,4.5,8.0
281.25,0.7599999999999999,0.975,0.976,0.5770000000000001,0.008565714285714288,0.0012285714285714285,0.0010685714285714285,0.015754285714285714,4.5,8.0
284.375,0.756,0.9735000000000001,0.9789999999999999,0.578,0.009325714285714288,0.0011857142857142856,0.0007600000000000006,0.017828571428571423,4.5,8.0
287.5,0.7579999999999999,0.974,0.9785,0.5725,0.011525714285714285,0.0010799999999999998,0.0008485714285714288,0.015494285714285716,4.5,8.0
290.625,0.7539999999999999,0.9735000000000001,0.9789999999999999,0.571,0.011834285714285716,0.0013914285714285712,0.0008342857142857143,0.015874285714285712,4.5,8.0
293.75,0.749,0.9729999999999999,0.9809999999999999,0.5660000000000001,0.012102857142857143,0.0014342857142857137,0.000857142857142857,0.01609714285714286,4.5,8.0
296.875,0.7439999999999999,0.9729999999999999,0.9814999999999999,0.5650000000000001,0.012491428571428572,0.0014742857142857138,0.0009171428571428575,0.016605714285714283,4.5,8.0
300.0,0.7349999999999999,0.9749999999999999,0.983,0.5585,0.012005714285714283,0.0013542857142857143,0.0007714285714285717,0.01642,4.5,8.0
303.125,0.7384999999999999,0.9744999999999999,0.9834999999999999,0.5514999999999999,0.011539999999999998,0.00146,0.0007685714285714288,0.016191428571428572,4.5,8.0
306.25,0.7339999999999999,0.975,0.9844999999999999,0.5509999999999999,0.011091428571428572,0.0013714285714285723,0.0006885714285714288,0.01605142857142857,4.5,8.0
309.375,0.739,0.9760000000000002,0.9834999999999999,0.5445,0.009891428571428568,0.001291428571428572,0.0006714285714285714,0.01490571428571429,4.5,8.0
312.5,0.7344999999999999,0.975,0.9830000000000002,0.5475000000000001,0.008505714285714285,0.0010628571428571427,0.0006514285714285717,0.01755714285714286,4.5,8.0
315.625,0.75,0.975,0.9799999999999999,0.5419999999999999,0.0078,0.0010628571428571427,0.0007142857142857142,0.01784,4.5,8.0
318.75,0.7605,0.9780000000000001,0.9795,0.538,0.009237142857142857,0.0008685714285714286,0.0006485714285714286,0.02076,4.5,8.0
321.875,0.7599999999999999,0.9775,0.9804999999999999,0.531,0.011365714285714286,0.0008542857142857143,0.0008199999999999999,0.016788571428571424,4.5,8.0
325.0,0.771,0.975,0.9794999999999998,0.5409999999999999,0.012577142857142853,0.0010514285714285714,0.0008942857142857143,0.014417142857142856,4.5,8.0
328.125,0.765,0.9734999999999999,0.9764999999999999,0.5445,0.009411428571428572,0.0011628571428571432,0.0010371428571428574,0.01868857142857143,4.5,8.0
331.25,0.78,0.9734999999999999,0.9755,0.558,0.010714285714285714,0.001162857142857143,0.001122857142857143,0.018057142857142855,4.5,8.0
334.375,0.7815,0.9754999999999999,0.9764999999999999,0.5519999999999999,0.009711428571428569,0.0011057142857142858,0.0010885714285714285,0.019280000000000002,4.5,8.0
337.5,0.7775,0.975,0.9744999999999999,0.562,0.009231428571428573,0.001371428571428571,0.00114,0.015280000000000002,4.5,8.0
340.625,0.779,0.974,0.9749999999999999,0.5730000000000001,0.008777142857142857,0.0013142857142857144,0.0012628571428571433,0.014251428571428571,4.5,8.0
343.75,0.7755,0.9715000000000001,0.9754999999999999,0.5735,0.008311428571428572,0.0015742857142857145,0.0011799999999999996,0.012865714285714282,4.5,8.0
346.875,0.7609999999999999,0.9715000000000001,0.974,0.5734999999999999,0.008468571428571428,0.0015514285714285706,0.0011428571428571425,0.01416285714285714,4.5,8.0
350.0,0.76,0.969,0.976,0.5614999999999999,0.008805714285714287,0.0017428571428571426,0.0010228571428571428,0.01454,4.5,8.0
353.125,0.7350000000000001,0.9664999999999999,0.9744999999999997,0.544,0.009251428571428572,0.00202,0.001094285714285714,0.017142857142857144,4.5,8.0
356.25,0.7459999999999999,0.968,0.9724999999999998,0.549,0.008537142857142858,0.0019028571428571423,0.0013742857142857146,0.018194285714285715,4.5,8.0
359.375,0.7585,0.9709999999999999,0.9724999999999998,0.548,0.009865714285714287,0.0014628571428571425,0.0014085714285714287,0.014800000000000002,4.5,8.0
362.5,0.7589999999999999,0.9724999999999999,0.9759999999999998,0.5485,0.010994285714285712,0.0015285714285714282,0.001102857142857143,0.014585714285714289,4.5,8.0
365.625,0.7565,0.974,0.976,0.5549999999999999,0.00904285714285714,0.0015371428571428571,0.00108,0.014582857142857142,4.5,8.0
368.75,0.7609999999999999,0.9709999999999999,0.9795,0.5475000000000001,0.00869142857142857,0.0015257142857142858,0.0008485714285714288,0.014774285714285717,4.5,8.0
371.875,0.7539999999999999,0.969,0.9790000000000001,0.5389999999999999,0.008114285714285713,0.0015200000000000003,0.0008800000000000004,0.019114285714285716,4.5,8.0
375.0,0.7619999999999999,0.9710000000000001,0.9775,0.5375000000000001,0.006680000000000003,0.001594285714285714,0.0009000000000000004,0.016357142857142855,4.5,8.0
378.125,0.7705,0.9709999999999999,0.9775,0.5365,0.006322857142857146,0.0016800000000000003,0.0009457142857142861,0.014448571428571427,4.5,8.0
381.25,0.7629999999999999,0.9719999999999999,0.977,0.529,0.006445714285714286,0.001451428571428572,0.0009314285714285715,0.014948571428571427,4.5,8.0
384.375,0.7725,0.9724999999999999,0.9790000000000001,0.537,0.006094285714285713,0.0016657142857142864,0.0009028571428571433,0.016325714285714284,4.5,8.0
387.5,0.7554999999999998,0.974,0.9770000000000001,0.5389999999999999,0.0077,0.0014342857142857148,0.0011485714285714285,0.016011428571428572,4.5,8.0
390.625,0.768,0.9744999999999999,0.9780000000000001,0.5479999999999999,0.008777142857142857,0.0011799999999999998,0.000977142857142857,0.016834285714285715,4.5,8.0
393.75,0.7669999999999999,0.9734999999999999,0.9770000000000001,0.55,0.0074914285714285725,0.001214285714285714,0.00104,0.020022857142857144,4.5,8.0
396.875,0.7655,0.9754999999999999,0.976,0.5735,0.008888571428571428,0.0011171428571428571,0.001102857142857143,0.019580000000000007,4.5,8.0
400.0,0.7629999999999999,0.976,0.9785,0.5760000000000001,0.009200000000000002,0.001074285714285714,0.001014285714285714,0.022822857142857148,4.5,8.0
403.125,0.772,0.9774999999999998,0.9789999999999999,0.5694999999999999,0.00981714285714286,0.0009800000000000004,0.0009428571428571426,0.020214285714285712,4.5,8.0
406.25,0.7859999999999998,0.9755,0.977,0.5685,0.008634285714285716,0.0010085714285714288,0.0010571428571428574,0.01853428571428571,4.5,8.0
409.375,0.7779999999999999,0.9755,0.9759999999999998,0.5655,0.010268571428571429,0.0016142857142857144,0.0011771428571428575,0.018271428571428563,4.5,8.0
412.5,0.7705,0.9744999999999999,0.9759999999999998,0.5735,0.010888571428571428,0.0013228571428571428,0.0010514285714285712,0.015791428571428574,4.5,8.0
415.625,0.7909999999999999,0.9755,0.9739999999999999,0.5745000000000001,0.008405714285714284,0.0010885714285714288,0.0010114285714285715,0.011848571428571429,4.5,8.0
418.75,0.7739999999999999,0.9755,0.9754999999999999,0.5685,0.007554285714285715,0.00114,0.0009171428571428571,0.013185714285714287,4.5,8.0
421.875,0.7865,0.9764999999999999,0.9774999999999998,0.561,0.00802,0.0012371428571428572,0.000951428571428572,0.013245714285714286,4.5,8.0
425.0,0.7769999999999999,0.974,0.9765,0.5574999999999999,0.007685714285714287,0.0012342857142857145,0.0010200000000000005,0.01326,4.5,8.0
428.125,0.7735,0.9744999999999999,0.9759999999999998,0.5595,0.00838,0.0013000000000000004,0.0013314285714285715,0.012808571428571428,4.5,8.0
431.25,0.7615000000000001,0.975,0.976,0.561,0.00918,0.0011314285714285716,0.0013771428571428576,0.014605714285714286,4.5,8.0
434.375,0.772,0.978,0.978,0.563,0.00770857142857143,0.001062857142857143,0.0010228571428571437,0.013617142857142855,4.5,8.0
437.5,0.7709999999999999,0.9780000000000001,0.9785000000000001,0.554,0.008382857142857142,0.0009828571428571427,0.0009914285714285724,0.015468571428571429,4.5,8.0
440.625,0.7739999999999999,0.9765,0.9814999999999999,0.5429999999999999,0.009805714285714282,0.0011571428571428572,0.0007400000000000004,0.01773714285714286,4.5,8.0
443.75,0.7719999999999999,0.977,0.9800000000000001,0.5365,0.008034285714285714,0.0009828571428571427,0.0007314285714285717,0.02226571428571428,4.5,8.0
446.875,0.7749999999999999,0.9770000000000001,0.9789999999999999,0.5445,0.007634285714285716,0.0009657142857142852,0.0008628571428571432,0.021522857142857142,4.5,8.0
450.0,0.766,0.975,0.9799999999999999,0.5674999999999999,0.009182857142857144,0.0008399999999999998,0.0008514285714285712,0.02239714285714286,4.5,8.0
453.125,0.7954999999999999,0.976,0.9795,0.5815,0.009208571428571429,0.0006742857142857143,0.0009857142857142855,0.022517142857142854,4.5,8.0
456.25,0.7855,0.975,0.975,0.568,0.007888571428571429,0.0007600000000000002,0.001337142857142857,0.02088571428571429,4.5,8.0
459.375,0.7779999999999999,0.976,0.9755,0.5720000000000001,0.007571428571428571,0.0008285714285714283,0.0011914285714285716,0.019760000000000003,4.5,8.0
462.5,0.7775,0.976,0.9755,0.5529999999999999,0.009528571428571431,0.0009257142857142855,0.0013228571428571425,0.0178,4.5,8.0
465.625,0.7725,0.9775,0.976,0.5414999999999999,0.007665714285714285,0.0010085714285714286,0.0013085714285714283,0.018797142857142853,4.5,8.0
468.75,0.768,0.9775,0.9734999999999999,0.5429999999999999,0.007588571428571426,0.001174285714285714,0.0015228571428571429,0.017737142857142858,4.5,8.0
471.875,0.7774999999999999,0.9799999999999999,0.9730000000000001,0.55,0.007094285714285713,0.001017142857142857,0.0013085714285714287,0.017045714285714286,4.5,8.0
475.0,0.7835,0.9810000000000001,0.9719999999999999,0.5555,0.006825714285714287,0.0007485714285714284,0.0012457142857142855,0.018099999999999998,4.5,8.0
478.125,0.775,0.9799999999999999,0.9734999999999999,0.558,0.0075085714285714296,0.0007657142857142858,0.001328571428571429,0.01730285714285714,4.5,8.0
481.25,0.78,0.9785000000000001,0.975,0.563,0.007239999999999998,0.000762857142857143,0.0014514285714285707,0.01620571428571429,4.5,8.0
484.375,0.7805,0.9775,0.978,0.5679999999999998,0.006294285714285711,0.0007514285714285714,0.0010914285714285715,0.015308571428571425,4.5,8.0
487.5,0.7799999999999999,0.9765,0.9765000000000003,0.5655,0.007097142857142859,0.0010085714285714286,0.0011285714285714287,0.01604857142857143,4.5,8.0
490.625,0.7874999999999999,0.975,0.9775,0.563,0.007540000000000002,0.0010057142857142851,0.001174285714285714,0.01672,4.5,8.0
493.75,0.7805,0.9744999999999999,0.9754999999999999,0.5545,0.007139999999999999,0.0009571428571428564,0.0014600000000000001,0.019054285714285715,4.5,8.0
496.875,0.7754999999999999,0.974,0.9739999999999999,0.5675000000000001,0.007522857142857141,0.0009828571428571427,0.001714285714285714,0.016511428571428573,4.5,8.0
500.0,0.7805,0.9740000000000002,0.9790000000000001,0.5714999999999999,0.007665714285714287,0.0011828571428571428,0.0013314285714285715,0.021711428571428566,4.5,8.0
503.125,0.7785,0.9745000000000001,0.9805000000000001,0.5754999999999999,0.005791428571428571,0.0011114285714285712,0.0012200000000000002,0.01728857142857143,4.5,8.0
506.25,0.7815,0.9730000000000001,0.9804999999999999,0.565,0.009065714285714285,0.0011599999999999998,0.0012200000000000002,0.016742857142857143,4.5,8.0
509.375,0.779,0.9730000000000001,0.9819999999999999,0.566,0.009857142857142856,0.0011199999999999995,0.0010228571428571426,0.016679999999999997,4.5,8.0
512.5,0.7874999999999999,0.9734999999999999,0.9800000000000001,0.5655,0.009105714285714285,0.0011971428571428567,0.0009028571428571427,0.016688571428571424,4.5,8.0
515.625,0.7899999999999999,0.9734999999999999,0.9810000000000001,0.5545000000000001,0.009605714285714285,0.0012200000000000004,0.000902857142857143,0.02046571428571428,4.5,8.0
518.75,0.7855000000000001,0.9719999999999999,0.9814999999999999,0.5705,0.008654285714285712,0.0011200000000000003,0.000762857142857143,0.021465714285714286,4.5,8.0
521.875,0.8029999999999999,0.9725000000000001,0.9850000000000001,0.5625,0.008291428571428571,0.001145714285714286,0.000565714285714286,0.018751428571428575,4.5,8.0
525.0,0.818,0.976,0.983,0.562,0.007017142857142858,0.0011028571428571435,0.0005885714285714291,0.012622857142857147,4.5,8.0
528.125,0.806,0.9710000000000001,0.9824999999999999,0.5654999999999999,0.005885714285714285,0.0014000000000000006,0.0007000000000000008,0.011957142857142859,4.5,8.0
531.25,0.8055,0.9695,0.9819999999999999,0.558,0.006728571428571428,0.0015742857142857145,0.000674285714285715,0.014759999999999999,4.5,8.0
534.375,0.8089999999999999,0.9730000000000001,0.9809999999999999,0.567,0.0064857142857142865,0.0011942857142857146,0.0008457142857142861,0.014868571428571429,4.5,8.0
537.5,0.8039999999999999,0.9754999999999999,0.978,0.5615,0.006428571428571429,0.0010142857142857145,0.0009200000000000001,0.018774285714285712,4.5,8.0
540.625,0.8099999999999999,0.9775,0.9789999999999999,0.5765,0.006662857142857142,0.001048571428571428,0.0009199999999999998,0.01756285714285714,4.5,8.0
543.75,0.8065,0.977,0.978,0.574,0.00640857142857143,0.0012971428571428574,0.0010228571428571428,0.019948571428571427,4.5,8.0
546.875,0.8084999999999999,0.9785,0.9765,0.5680000000000001,0.006345714285714286,0.0011342857142857138,0.0012885714285714289,0.020731428571428574,4.5,8.0
550.0,0.7949999999999999,0.9785,0.977,0.5640000000000001,0.006331428571428571,0.0010828571428571424,0.001291428571428572,0.01765142857142857,4.5,8.0
553.125,0.7944999999999999,0.9810000000000001,0.9765,0.552,0.005785714285714286,0.000857142857142857,0.0015914285714285722,0.02025714285714286,4.5,8.0
556.25,0.8154999999999999,0.9800000000000001,0.976,0.5534999999999999,0.005957142857142857,0.00088,0.0018171428571428574,0.01685428571428571,4.5,8.0
559.375,0.808,0.9790000000000001,0.9775,0.577,0.005377142857142858,0.0009657142857142859,0.0014371428571428578,0.016348571428571424,4.5,8.0
562.5,0.8074999999999999,0.9785,0.9789999999999999,0.5770000000000001,0.006705714285714285,0.0008200000000000001,0.0016685714285714296,0.01770285714285714,4.5,8.0
565.625,0.8184999999999999,0.9775,0.9785,0.586,0.0066771428571428555,0.0010714285714285717,0.001488571428571429,0.01630857142857143,4.5,8.0
568.75,0.8125,0.9800000000000001,0.9785,0.5680000000000001,0.006442857142857141,0.0011200000000000001,0.0013228571428571434,0.017834285714285716,4.5,8.0
571.875,0.8219999999999998,0.982,0.9815000000000002,0.5794999999999999,0.00721142857142857,0.0009600000000000005,0.0011400000000000004,0.015094285714285718,4.5,8.0
575.0,0.8164999999999999,0.9825000000000002,0.9804999999999999,0.5644999999999999,0.007922857142857141,0.000991428571428572,0.0012542857142857145,0.013048571428571427,4.5,8.0
578.125,0.8105,0.984,0.9794999999999998,0.5765,0.006397142857142858,0.0008742857142857148,0.0013285714285714292,0.014608571428571426,4.5,8.0
581.25,0.8045,0.9840000000000002,0.9799999999999999,0.5685,0.006265714285714284,0.0008342857142857145,0.0009485714285714292,0.018025714285714284,4.5,8.0
584.375,0.7984999999999999,0.9830000000000002,0.977,0.5489999999999999,0.007180000000000003,0.0009314285714285712,0.000931428571428572,0.019725714285714284,4.5,8.0
587.5,0.7919999999999999,0.9835,0.9780000000000001,0.5584999999999999,0.008228571428571429,0.0008257142857142861,0.0008342857142857147,0.019328571428571424,4.5,8.0
590.625,0.8045,0.9814999999999999,0.9770000000000001,0.553,0.008585714285714283,0.0009685714285714287,0.0009600000000000001,0.018377142857142852,4.5,8.0
593.75,0.7974999999999999,0.9824999999999999,0.9765000000000003,0.569,0.007105714285714285,0.0009514285714285712,0.0010314285714285716,0.014782857142857144,4.5,8.0
596.875,0.7924999999999999,0.983,0.9765,0.5759999999999998,0.006511428571428571,0.001034285714285714,0.0009457142857142856,0.012908571428571427,4.5,8.0
600.0,0.7984999999999999,0.984,0.9740000000000002,0.587,0.00767142857142857,0.0010057142857142856,0.0009542857142857145,0.013411428571428569,4.5,8.0
603.125,0.798,0.984,0.9720000000000001,0.5839999999999999,0.00792,0.0009142857142857144,0.0009771428571428572,0.012845714285714283,4.5,8.0
606.25,0.7950000000000002,0.9835,0.9734999999999999,0.5900000000000001,0.007022857142857145,0.0009285714285714286,0.0011285714285714287,0.014914285714285708,4.5,8.0
609.375,0.8004999999999999,0.985,0.9745000000000001,0.5824999999999999,0.008111428571428573,0.0007657142857142857,0.0011342857142857144,0.016254285714285707,4.5,8.0
612.5,0.7939999999999999,0.9845,0.978,0.5814999999999999,0.008274285714285715,0.0007685714285714286,0.0011314285714285719,0.015477142857142856,4.5,8.0
615.625,0.7975,0.9845,0.9789999999999999,0.5955,0.007751428571428571,0.0008200000000000001,0.0010285714285714286,0.01615714285714286,4.5,8.0
618.75,0.7929999999999999,0.9844999999999999,0.977,0.5780000000000001,0.007097142857142855,0.0008600000000000002,0.0010971428571428575,0.019182857142857147,4.5,8.0
621.875,0.7965,0.9845,0.9790000000000001,0.5790000000000001,0.006528571428571428,0.000865714285714286,0.0008742857142857149,0.019331428571428572,4.5,8.0
625.0,0.7924999999999999,0.9810000000000001,0.9800000000000001,0.5954999999999999,0.005534285714285715,0.0010742857142857147,0.0008457142857142861,0.02057428571428572,4.5,8.0
628.125,0.7974999999999999,0.9845,0.982,0.5870000000000001,0.005700000000000001,0.0006942857142857146,0.0006857142857142861,0.017737142857142858,4.5,8.0
631.25,0.7884999999999998,0.985,0.9804999999999999,0.5905000000000001,0.0063571428571428555,0.0006228571428571432,0.000688571428571429,0.017654285714285713,4.5,8.0
634.375,0.8019999999999999,0.9839999999999998,0.9799999999999999,0.5850000000000001,0.006377142857142857,0.0007542857142857147,0.0008342857142857145,0.017474285714285713,4.5,8.0
637.5,0.7929999999999999,0.9834999999999999,0.9775,0.581,0.006565714285714283,0.0007228571428571428,0.0009571428571428575,0.019462857142857146,4.5,8.0
640.625,0.8,0.9834999999999999,0.9765,0.5940000000000001,0.006325714285714286,0.0007171428571428574,0.0010657142857142857,0.020365714285714286,4.5,8.0
643.75,0.7985,0.9824999999999999,0.9755,0.5965,0.005671428571428572,0.0007971428571428572,0.0011514285714285708,0.018482857142857138,4.5,8.0
646.875,0.8009999999999998,0.9794999999999998,0.9745000000000001,0.609,0.005297142857142859,0.0009114285714285717,0.001122857142857142,0.01421142857142857,4.5,8.0
650.0,0.7909999999999999,0.9789999999999999,0.974,0.6144999999999999,0.006057142857142855,0.0008285714285714288,0.0012399999999999998,0.012951428571428572,4.5,8.0
653.125,0.792,0.978,0.9755,0.6154999999999999,0.006142857142857143,0.0008742857142857146,0.0013628571428571429,0.011499999999999996,4.5,8.0
656.25,0.7934999999999999,0.978,0.9765,0.615,0.0061114285714285715,0.000925714285714286,0.0010942857142857147,0.012725714285714285,4.5,8.0
659.375,0.798,0.9784999999999998,0.9739999999999999,0.6024999999999999,0.004754285714285713,0.0009228571428571435,0.001222857142857143,0.013494285714285712,4.5,8.0
662.5,0.7899999999999999,0.977,0.9780000000000001,0.609,0.006582857142857142,0.000862857142857143,0.0009314285714285715,0.012622857142857139,4.5,8.0
665.625,0.7885,0.9765,0.9785,0.6125,0.006197142857142857,0.0009228571428571428,0.0009628571428571424,0.015797142857142853,4.5,8.0
668.75,0.7829999999999998,0.9770000000000001,0.9795,0.6265000000000001,0.006902857142857144,0.000971428571428571,0.000951428571428571,0.01383142857142857,4.5,8.0
671.875,0.778,0.9770000000000001,0.9804999999999998,0.6325,0.00849142857142857,0.0008685714285714284,0.0010942857142857139,0.012779999999999996,4.5,8.0
675.0,0.776,0.9755,0.9824999999999999,0.6255000000000001,0.00796,0.00098,0.0008657142857142858,0.011545714285714282,4.5,8.0
678.125,0.7939999999999999,0.9755,0.9790000000000001,0.6119999999999999,0.007182857142857144,0.0009228571428571428,0.0007885714285714282,0.009999999999999998,4.5,8.0
681.25,0.7865,0.9765,0.9775,0.616,0.009740000000000002,0.0009399999999999996,0.0008885714285714283,0.010622857142857144,4.5,8.0
684.375,0.7805000000000001,0.9734999999999999,0.9795,0.6214999999999999,0.010602857142857141,0.0012485714285714283,0.0006885714285714286,0.012665714285714284,4.5,8.0
687.5,0.7769999999999999,0.9734999999999999,0.9795,0.6290000000000001,0.008497142857142854,0.0011571428571428568,0.0006371428571428576,0.013039999999999993,4.5,8.0
690.625,0.7799999999999999,0.9730000000000001,0.9785,0.6370000000000001,0.006885714285714284,0.0012914285714285712,0.0007171428571428576,0.012834285714285715,4.5,8.0
693.75,0.7769999999999999,0.9744999999999999,0.9775,0.645,0.00810285714285714,0.0010599999999999997,0.0009342857142857141,0.013154285714285716,4.5,8.0
696.875,0.79,0.9739999999999999,0.978,0.6349999999999999,0.008177142857142859,0.0010914285714285713,0.0007942857142857144,0.012577142857142853,4.5,8.0
700.0,0.7704999999999999,0.9744999999999999,0.9800000000000001,0.6359999999999999,0.007317142857142857,0.0009114285714285712,0.000782857142857143,0.010165714285714283,4.5,8.0
703.125,0.7839999999999998,0.976,0.9819999999999999,0.6449999999999998,0.007114285714285714,0.0007714285714285712,0.0007142857142857143,0.010908571428571427,4.5,8.0
706.25,0.7899999999999999,0.9744999999999999,0.9809999999999999,0.6545,0.00601142857142857,0.0009742857142857143,0.0006914285714285714,0.009648571428571432,4.5,8.0
709.375,0.7899999999999999,0.9734999999999999,0.9819999999999999,0.6534999999999999,0.007239999999999999,0.0011114285714285716,0.0007028571428571424,0.00881428571428571,4.5,8.0
712.5,0.7735,0.9745000000000001,0.983,0.6485000000000001,0.008197142857142858,0.0008600000000000005,0.0007714285714285712,0.011762857142857141,4.5,8.0
715.625,0.7764999999999999,0.9755,0.9824999999999999,0.6554999999999999,0.007802857142857144,0.0008028571428571431,0.0007399999999999997,0.011568571428571426,4.5,8.0
718.75,0.7809999999999999,0.9775,0.9815000000000002,0.6605,0.00705142857142857,0.0008485714285714286,0.0008657142857142854,0.010717142857142852,4.5,8.0
721.875,0.7885,0.9789999999999999,0.9795,0.6779999999999999,0.008025714285714285,0.0009257142857142856,0.0010714285714285708,0.010074285714285713,4.5,8.0
725.0,0.7879999999999999,0.982,0.9785000000000001,0.688,0.009788571428571428,0.0009485714285714288,0.0010771428571428568,0.00978285714285714,4.5,8.0
728.125,0.7895,0.9819999999999999,0.9774999999999998,0.683,0.009185714285714287,0.0008514285714285716,0.0011114285714285712,0.01244,4.5,8.0
731.25,0.7835,0.9814999999999999,0.9764999999999999,0.6769999999999998,0.008637142857142857,0.0008028571428571431,0.00118,0.012068571428571432,4.5,8.0
734.375,0.784,0.9809999999999999,0.9730000000000001,0.6555,0.008365714285714287,0.000748571428571429,0.0013028571428571425,0.012717142857142857,4.5,8.0
737.5,0.7754999999999999,0.982,0.9725000000000001,0.6535,0.007482857142857141,0.0006571428571428572,0.0012657142857142854,0.009751428571428569,4.5,8.0
740.625,0.7799999999999999,0.982,0.974,0.6479999999999999,0.006599999999999999,0.0006628571428571432,0.001097142857142857,0.010045714285714286,4.5,8.0
743.75,0.7854999999999999,0.9825000000000002,0.9730000000000001,0.6609999999999999,0.006334285714285714,0.000625714285714286,0.0009657142857142856,0.010697142857142856,4.5,8.0
746.875,0.7819999999999998,0.9824999999999999,0.9705,0.6754999999999999,0.007691428571428571,0.0006485714285714287,0.001117142857142857,0.008677142857142857,4.5,8.0
750.0,0.7839999999999999,0.983,0.9705,0.6704999999999999,0.007937142857142856,0.0005600000000000004,0.0010599999999999997,0.008774285714285714,4.5,8.0
753.125,0.7799999999999999,0.983,0.9734999999999999,0.665,0.007897142857142856,0.0005542857142857147,0.0012828571428571433,0.009885714285714284,4.5,8.0
756.25,0.7825,0.982,0.9719999999999999,0.6619999999999999,0.008602857142857141,0.0008057142857142861,0.0012228571428571432,0.009000000000000001,4.5,8.0
759.375,0.775,0.9824999999999999,0.97,0.6555,0.008748571428571428,0.0006600000000000002,0.0014342857142857143,0.008545714285714283,4.5,8.0
762.5,0.7790000000000001,0.983,0.9729999999999999,0.66,0.00853142857142857,0.0006342857142857145,0.001257142857142857,0.009165714285714284,4.5,8.0
765.625,0.785,0.9834999999999999,0.9739999999999999,0.6700000000000002,0.007434285714285715,0.0006600000000000002,0.001171428571428571,0.0082,4.5,8.0
768.75,0.7764999999999999,0.982,0.9739999999999999,0.6819999999999999,0.007202857142857143,0.0007885714285714287,0.000788571428571429,0.010017142857142856,4.5,8.0
771.875,0.7659999999999999,0.9804999999999999,0.9744999999999999,0.6644999999999999,0.00854285714285714,0.0008314285714285718,0.0008028571428571428,0.009214285714285713,4.5,8.0
775.0,0.7729999999999999,0.9805000000000001,0.977,0.6565,0.007857142857142858,0.0007571428571428577,0.000765714285714286,0.008934285714285714,4.5,8.0
778.125,0.7739999999999998,0.982,0.9790000000000001,0.647,0.007188571428571429,0.0007771428571428578,0.0008057142857142857,0.011702857142857142,4.5,8.0
781.25,0.7779999999999999,0.9820000000000002,0.9805000000000001,0.6485,0.006714285714285716,0.0007485714285714294,0.0006771428571428575,0.011585714285714284,4.5,8.0
784.375,0.7695,0.9805000000000001,0.982,0.6545,0.006482857142857142,0.0008142857142857148,0.0006685714285714286,0.011905714285714287,4.5,8.0
787.5,0.7649999999999999,0.978,0.9825000000000002,0.6539999999999999,0.007114285714285712,0.0009657142857142862,0.0007857142857142861,0.012571428571428572,4.5,8.0
790.625,0.7674999999999998,0.9795,0.982,0.6704999999999999,0.008174285714285714,0.000951428571428572,0.0008514285714285716,0.012454285714285716,4.5,8.0
793.75,0.7689999999999999,0.982,0.9815000000000002,0.6805,0.009479999999999999,0.0007657142857142863,0.0009914285714285721,0.011408571428571428,4.5,8.0
796.875,0.7684999999999998,0.9824999999999999,0.9789999999999999,0.681,0.009025714285714286,0.0006885714285714292,0.0010971428571428577,0.009891428571428568,4.5,8.0
800.0,0.7535000000000001,0.9835,0.9799999999999999,0.6915,0.009785714285714286,0.0006714285714285718,0.0011371428571428574,0.008282857142857142,4.5,8.0
803.125,0.7705,0.9820000000000002,0.9805000000000001,0.6965,0.011471428571428573,0.0006742857142857147,0.0010485714285714287,0.008082857142857143,4.5,8.0
806.25,0.7625,0.9830000000000002,0.978,0.6924999999999999,0.008791428571428572,0.000588571428571429,0.0013257142857142855,0.00959142857142857,4.5,8.0
809.375,0.7589999999999999,0.9815000000000002,0.978,0.6889999999999998,0.010611428571428572,0.0006314285714285721,0.0015942857142857152,0.01221142857142857,4.5,8.0
812.5,0.7679999999999998,0.9810000000000001,0.9795000000000001,0.6945,0.009731428571428568,0.000651428571428572,0.0016828571428571433,0.012357142857142855,4.5,8.0
815.625,0.7654999999999997,0.9804999999999999,0.9815000000000002,0.6955,0.010602857142857143,0.0007228571428571431,0.0011000000000000007,0.01084857142857143,4.5,8.0
818.75,0.7735,0.9819999999999999,0.9835,0.6975,0.01139714285714286,0.0006171428571428576,0.0008542857142857148,0.010997142857142856,4.5,8.0
821.875,0.7719999999999999,0.9795,0.984,0.7084999999999999,0.011142857142857142,0.0009571428571428576,0.0007542857142857147,0.009317142857142859,4.5,8.0
825.0,0.7745,0.9795,0.9845,0.6915,0.011357142857142856,0.0011171428571428578,0.0006885714285714291,0.008625714285714283,4.5,8.0
828.125,0.776,0.9799999999999999,0.984,0.699,0.011285714285714288,0.0009714285714285719,0.0007428571428571432,0.008159999999999999,4.5,8.0
831.25,0.7695000000000001,0.9794999999999998,0.9825000000000002,0.704,0.011814285714285711,0.0010942857142857143,0.0009171428571428575,0.008462857142857142,4.5,8.0
834.375,0.7744999999999999,0.9764999999999999,0.9800000000000001,0.709,0.01242,0.0014485714285714288,0.0012285714285714291,0.00901142857142857,4.5,8.0
837.5,0.7769999999999999,0.9749999999999999,0.9795,0.7049999999999998,0.011199999999999998,0.0015428571428571436,0.0010542857142857146,0.007565714285714284,4.5,8.0
840.625,0.7775,0.9734999999999999,0.978,0.6979999999999998,0.011168571428571427,0.0015,0.0013028571428571431,0.007777142857142859,4.5,8.0
843.75,0.7695,0.9734999999999999,0.9790000000000001,0.6990000000000001,0.011008571428571428,0.0013742857142857146,0.0011371428571428572,0.007240000000000002,4.5,8.0
846.875,0.7835,0.9715,0.9789999999999999,0.696,0.010305714285714284,0.0014828571428571438,0.0010685714285714287,0.009611428571428573,4.5,8.0
850.0,0.7949999999999999,0.9744999999999999,0.9765,0.688,0.0077028571428571415,0.0013514285714285718,0.0013742857142857146,0.009342857142857142,4.5,8.0
853.125,0.7895,0.976,0.9790000000000001,0.7109999999999999,0.008151428571428572,0.0012285714285714285,0.0011828571428571433,0.009891428571428572,4.5,8.0
856.25,0.783,0.9754999999999999,0.9780000000000001,0.716,0.007537142857142858,0.0013342857142857145,0.0012342857142857142,0.011365714285714285,4.5,8.0
859.375,0.7875,0.9765,0.982,0.7254999999999999,0.007642857142857143,0.0012142857142857142,0.0008571428571428573,0.009505714285714286,4.5,8.0
862.5,0.7874999999999999,0.976,0.984,0.7299999999999999,0.008197142857142858,0.0011028571428571433,0.0008285714285714287,0.009428571428571429,4.5,8.0
865.625,0.7964999999999998,0.9785,0.985,0.73,0.008139999999999998,0.0009685714285714291,0.0006742857142857146,0.007708571428571428,4.5,8.0
868.75,0.7895,0.9775,0.9854999999999998,0.7375,0.00815142857142857,0.00098,0.0005857142857142864,0.006214285714285716,4.5,8.0
871.875,0.7974999999999999,0.977,0.9844999999999999,0.734,0.008579999999999999,0.0009428571428571431,0.0006942857142857148,0.0064571428571428575,4.5,8.0
875.0,0.7935000000000001,0.9790000000000001,0.985,0.732,0.008288571428571426,0.00092,0.0005828571428571432,0.006697142857142858,4.5,8.0
878.125,0.7889999999999999,0.983,0.984,0.7384999999999999,0.00802285714285714,0.0008000000000000004,0.0007485714285714288,0.005248571428571429,4.5,8.0
881.25,0.7899999999999998,0.982,0.9844999999999999,0.7364999999999999,0.006617142857142858,0.0008114285714285717,0.0006885714285714288,0.008134285714285714,4.5,8.0
884.375,0.7805,0.9814999999999999,0.9829999999999999,0.7344999999999998,0.007477142857142854,0.0008314285714285722,0.0008114285714285715,0.0072428571428571455,4.5,8.0
887.5,0.7849999999999999,0.9814999999999999,0.983,0.736,0.00949142857142857,0.0008314285714285718,0.0008628571428571426,0.006577142857142856,4.5,8.0
890.625,0.7674999999999998,0.982,0.983,0.7230000000000001,0.008717142857142857,0.0007314285714285715,0.0008171428571428571,0.007039999999999999,4.5,8.0
893.75,0.7665,0.9804999999999999,0.9844999999999999,0.7314999999999999,0.009734285714285713,0.0007285714285714286,0.0007514285714285714,0.009071428571428569,4.5,8.0
896.875,0.7665,0.9804999999999999,0.9835,0.7249999999999999,0.009608571428571426,0.0007800000000000001,0.0007457142857142856,0.009434285714285711,4.5,8.0
900.0,0.768,0.9800000000000001,0.9844999999999999,0.7270000000000001,0.010148571428571427,0.0007314285714285713,0.0007571428571428572,0.011165714285714286,4.5,8.0
903.125,0.7659999999999998,0.9765,0.9880000000000001,0.743,0.009234285714285714,0.001002857142857143,0.0006000000000000002,0.012697142857142856,4.5,8.0
906.25,0.7655,0.9765,0.9875,0.764,0.009277142857142855,0.0010942857142857132,0.0005742857142857145,0.009680000000000001,4.5,8.0
909.375,0.7764999999999999,0.978,0.9854999999999998,0.7669999999999999,0.006900000000000001,0.0009428571428571432,0.0007000000000000003,0.008914285714285717,4.5,8.0
912.5,0.7865,0.978,0.985,0.7569999999999999,0.007488571428571428,0.0008971428571428574,0.0006057142857142859,0.008102857142857144,4.5,8.0
915.625,0.7695000000000001,0.975,0.9855,0.7429999999999999,0.008882857142857145,0.0010285714285714288,0.0006028571428571433,0.007651428571428571,4.5,8.0
918.75,0.7825,0.9755,0.984,0.7234999999999999,0.008254285714285714,0.0009342857142857145,0.0008342857142857145,0.00722,4.5,8.0
921.875,0.767,0.9724999999999999,0.9835,0.7235,0.009617142857142855,0.0011400000000000002,0.0008257142857142862,0.0087,4.5,8.0
925.0,0.7745,0.9739999999999999,0.9824999999999997,0.7349999999999999,0.009277142857142855,0.001154285714285715,0.0010142857142857145,0.00949142857142857,4.5,8.0
928.125,0.784,0.9755,0.9794999999999998,0.7339999999999999,0.009342857142857142,0.0011342857142857148,0.0009914285714285715,0.009628571428571427,4.5,8.0
931.25,0.7695000000000001,0.9735000000000001,0.9795,0.7364999999999999,0.009551428571428572,0.00114,0.0008314285714285718,0.008454285714285713,4.5,8.0
934.375,0.7769999999999999,0.9734999999999999,0.9770000000000001,0.74,0.009222857142857144,0.001465714285714286,0.0010285714285714288,0.008651428571428572,4.5,8.0
937.5,0.7675,0.974,0.978,0.7404999999999999,0.009928571428571429,0.0011142857142857141,0.0009371428571428572,0.006962857142857144,4.5,8.0
940.625,0.7785,0.9755,0.9770000000000001,0.739,0.00891142857142857,0.0010942857142857139,0.0009085714285714285,0.007091428571428571,4.5,8.0
943.75,0.7895,0.9764999999999999,0.977,0.726,0.008374285714285713,0.0010885714285714285,0.0008857142857142859,0.008748571428571428,4.5,8.0
946.875,0.7859999999999998,0.9764999999999999,0.978,0.7224999999999999,0.007142857142857143,0.001008571428571429,0.0007828571428571433,0.009065714285714285,4.5,8.0
950.0,0.7934999999999999,0.9754999999999999,0.9775,0.7174999999999999,0.006734285714285715,0.0011400000000000004,0.0010200000000000003,0.008054285714285713,4.5,8.0
953.125,0.7934999999999999,0.9764999999999999,0.9789999999999999,0.7094999999999999,0.006545714285714285,0.0011857142857142858,0.001011428571428571,0.006934285714285715,4.5,8.0
956.25,0.7885,0.977,0.9785,0.7150000000000001,0.0073228571428571405,0.0015257142857142856,0.0008828571428571425,0.009177142857142856,4.5,8.0
959.375,0.7989999999999999,0.9799999999999999,0.9789999999999999,0.6934999999999999,0.007291428571428571,0.001177142857142857,0.0008057142857142858,0.010225714285714286,4.5,8.0
962.5,0.7875,0.9799999999999999,0.9755,0.7014999999999999,0.00783142857142857,0.0011485714285714287,0.0008885714285714289,0.011168571428571427,4.5,8.0
965.625,0.7924999999999999,0.9809999999999999,0.9765,0.7085,0.007385714285714287,0.0009028571428571425,0.001077142857142857,0.00876285714285714,4.5,8.0
968.75,0.782,0.9829999999999999,0.9754999999999999,0.7205,0.006605714285714287,0.0008,0.0010485714285714287,0.006905714285714284,4.5,8.0
971.875,0.7909999999999999,0.983,0.975,0.7195,0.006611428571428571,0.0008000000000000004,0.0010571428571428576,0.008225714285714288,4.5,8.0
975.0,0.7815,0.984,0.9760000000000002,0.735,0.006871428571428572,0.000765714285714286,0.0011200000000000008,0.006857142857142856,4.5,8.0
978.125,0.7775,0.9845,0.9780000000000001,0.7394999999999999,0.009974285714285713,0.0008028571428571431,0.0010285714285714286,0.006631428571428571,4.5,8.0
981.25,0.777,0.9845,0.9804999999999999,0.7494999999999999,0.009617142857142855,0.000888571428571429,0.000882857142857143,0.006785714285714288,4.5,8.0
984.375,0.7875,0.985,0.9795,0.7505,0.009220000000000002,0.0006571428571428575,0.0009914285714285715,0.008025714285714285,4.5,8.0
987.5,0.7854999999999999,0.9845,0.9815000000000002,0.7605000000000001,0.010522857142857143,0.0007400000000000002,0.0009514285714285712,0.010477142857142855,4.5,8.0
990.625,0.7849999999999999,0.9855,0.9799999999999999,0.76,0.010171428571428569,0.0007114285714285715,0.0009257142857142858,0.010788571428571425,4.5,8.0
993.75,0.7845,0.9870000000000001,0.982,0.7489999999999999,0.012905714285714284,0.0006514285714285716,0.0007885714285714287,0.0074285714285714285,4.5,8.0
996.875,0.7964999999999999,0.9850000000000001,0.9809999999999999,0.744,0.012117142857142858,0.0006685714285714287,0.0007714285714285717,0.006645714285714287,4.5,8.0
1000.0,0.7954999999999999,0.9820000000000002,0.9810000000000001,0.7579999999999999,0.012311428571428572,0.0008742857142857148,0.000782857142857143,0.0051142857142857144,4.5,8.0
1003.125,0.8035,0.983,0.985,0.7469999999999999,0.01212285714285714,0.0007942857142857146,0.0006514285714285718,0.0068400000000000015,4.5,8.0
1006.25,0.7939999999999998,0.983,0.9844999999999999,0.7489999999999999,0.012645714285714288,0.0006971428571428572,0.0007971428571428574,0.008377142857142857,4.5,8.0
1009.375,0.7870000000000001,0.9795,0.9839999999999998,0.748,0.01373142857142857,0.0008085714285714287,0.0008228571428571434,0.009805714285714284,4.5,8.0
1012.5,0.8029999999999999,0.9790000000000001,0.9839999999999998,0.7329999999999999,0.012239999999999997,0.0008457142857142856,0.0009257142857142863,0.010971428571428573,4.5,8.0
1015.625,0.8055,0.9780000000000001,0.983,0.734,0.009825714285714285,0.0010057142857142856,0.001085714285714286,0.009171428571428572,4.5,8.0
1018.75,0.8029999999999999,0.9789999999999999,0.9810000000000001,0.7435,0.00969142857142857,0.0010800000000000002,0.001148571428571429,0.005597142857142858,4.5,8.0
1021.875,0.789,0.9795,0.982,0.7499999999999999,0.01001142857142857,0.0010085714285714288,0.0009028571428571431,0.006011428571428572,4.5,8.0
1025.0,0.7929999999999999,0.9799999999999999,0.9789999999999999,0.7539999999999999,0.008828571428571427,0.0009942857142857147,0.0011428571428571434,0.006291428571428573,4.5,8.0
1028.125,0.7905,0.9804999999999999,0.9780000000000001,0.754,0.007208571428571428,0.0010428571428571431,0.0011028571428571433,0.007302857142857141,4.5,8.0
1031.25,0.7939999999999999,0.9809999999999999,0.9789999999999999,0.7414999999999999,0.006674285714285713,0.001182857142857143,0.0010057142857142856,0.006757142857142857,4.5,8.0
1034.375,0.8034999999999999,0.9795,0.982,0.7379999999999999,0.007471428571428571,0.0011114285714285716,0.0008057142857142858,0.00722857142857143,4.5,8.0
1037.5,0.788,0.9804999999999999,0.9795000000000001,0.7430000000000001,0.007954285714285712,0.00098,0.0009685714285714286,0.007725714285714287,4.5,8.0
1040.625,0.7955,0.9800000000000001,0.9775,0.7389999999999999,0.007711428571428572,0.0009542857142857145,0.0010371428571428571,0.008634285714285716,4.5,8.0
1043.75,0.7929999999999999,0.9785,0.9785,0.7315000000000002,0.007937142857142856,0.0011171428571428576,0.0008885714285714289,0.008391428571428572,4.5,8.0
1046.875,0.8025,0.9775,0.9765,0.7284999999999999,0.007717142857142857,0.0010942857142857145,0.0011800000000000003,0.008014285714285713,4.5,8.0
1050.0,0.8055,0.9789999999999999,0.9785,0.7375,0.006911428571428568,0.0010057142857142862,0.0010600000000000002,0.007871428571428571,4.5,8.0
1053.125,0.8039999999999999,0.9799999999999999,0.9775,0.7505,0.0064399999999999995,0.0009942857142857147,0.0010142857142857154,0.007025714285714288,4.5,8.0
1056.25,0.8149999999999998,0.9789999999999999,0.9760000000000002,0.7545,0.007428571428571426,0.0009657142857142857,0.0011028571428571433,0.007242857142857141,4.5,8.0
1059.375,0.8105,0.9785,0.977,0.7529999999999999,0.007677142857142857,0.0010200000000000005,0.0009314285714285721,0.008142857142857143,4.5,8.0
1062.5,0.826,0.9795,0.9800000000000001,0.7535,0.00784,0.0007857142857142857,0.0010399999999999988,0.007917142857142857,4.5,8.0
1065.625,0.8195,0.9794999999999998,0.9810000000000001,0.748,0.0067857142857142855,0.0006714285714285718,0.0010228571428571415,0.007811428571428571,4.5,8.0
1068.75,0.8084999999999999,0.9794999999999998,0.9820000000000002,0.7430000000000001,0.007248571428571428,0.000785714285714286,0.0009714285714285717,0.0068514285714285725,4.5,8.0
1071.875,0.8085000000000001,0.9789999999999999,0.9804999999999999,0.7474999999999999,0.00698,0.0008514285714285716,0.001134285714285714,0.0074542857142857145,4.5,8.0
1075.0,0.8005000000000001,0.9795,0.983,0.7474999999999999,0.00835142857142857,0.0008542857142857145,0.0010457142857142855,0.00832857142857143,4.5,8.0
1078.125,0.7955000000000001,0.9774999999999998,0.9824999999999999,0.752,0.008368571428571428,0.001088571428571429,0.0010371428571428571,0.009508571428571429,4.5,8.0
1081.25,0.807,0.9784999999999998,0.9815000000000002,0.7389999999999999,0.00805142857142857,0.000991428571428572,0.0007571428571428575,0.010771428571428572,4.5,8.0
1084.375,0.7945,0.9814999999999999,0.9814999999999999,0.7339999999999998,0.008008571428571429,0.0008200000000000002,0.0008428571428571432,0.00805142857142857,4.5,8.0
1087.5,0.7964999999999999,0.9809999999999999,0.9814999999999999,0.7394999999999999,0.009208571428571427,0.0008571428571428573,0.0008885714285714285,0.005974285714285712,4.5,8.0
1090.625,0.7964999999999999,0.9804999999999998,0.977,0.7365,0.009094285714285713,0.0008371428571428575,0.0009428571428571429,0.008191428571428572,4.5,8.0
1093.75,0.8014999999999999,0.9814999999999999,0.9739999999999999,0.7259999999999999,0.0073857142857142845,0.0008542857142857145,0.0009371428571428569,0.007794285714285714,4.5,8.0
1096.875,0.7999999999999999,0.9799999999999999,0.9739999999999999,0.7205,0.006279999999999999,0.0010457142857142857,0.0008857142857142859,0.00892857142857143,4.5,8.0
1100.0,0.806,0.9795,0.9739999999999999,0.719,0.006182857142857143,0.0009628571428571429,0.00092,0.008777142857142857,4.5,8.0
1103.125,0.808,0.9809999999999999,0.9755,0.7234999999999999,0.006588571428571427,0.0007942857142857147,0.001071428571428571,0.009248571428571429,4.5,8.0
1106.25,0.813,0.9805000000000001,0.975,0.7285,0.006942857142857142,0.0008542857142857143,0.0010342857142857144,0.008014285714285713,4.5,8.0
1109.375,0.8069999999999998,0.9825000000000002,0.976,0.7505000000000001,0.007977142857142856,0.0008771428571428573,0.0008285714285714285,0.007511428571428573,4.5,8.0
1112.5,0.8085000000000001,0.982,0.977,0.7474999999999998,0.007494285714285712,0.0008514285714285718,0.0008857142857142854,0.006614285714285714,4.5,8.0
1115.625,0.7955,0.984,0.977,0.7619999999999998,0.007711428571428572,0.0006457142857142859,0.0008971428571428568,0.0065428571428571445,4.5,8.0
1118.75,0.7929999999999999,0.983,0.9785,0.7649999999999999,0.007531428571428569,0.0006800000000000005,0.0008885714285714287,0.007885714285714286,4.5,8.0
1121.875,0.7985,0.983,0.975,0.7585,0.009442857142857145,0.000748571428571429,0.0009885714285714287,0.008882857142857144,4.5,8.0
1125.0,0.8099999999999999,0.9829999999999999,0.9790000000000001,0.7614999999999998,0.008171428571428573,0.0006457142857142864,0.0008228571428571432,0.009665714285714284,4.5,8.0
1128.125,0.7985,0.9814999999999999,0.9804999999999999,0.7565,0.007271428571428572,0.0007228571428571435,0.0007742857142857147,0.00868857142857143,4.5,8.0
1131.25,0.806,0.983,0.9800000000000001,0.7484999999999999,0.006862857142857143,0.0007142857142857147,0.0006171428571428576,0.009402857142857143,4.5,8.0
1134.375,0.8035,0.9824999999999999,0.982,0.7494999999999999,0.006660000000000001,0.0007171428571428577,0.000668571428571429,0.010162857142857142,4.5,8.0
1137.5,0.7975000000000001,0.9804999999999999,0.9810000000000001,0.748,0.006591428571428572,0.0008428571428571432,0.0008742857142857143,0.008765714285714285,4.5,8.0
1140.625,0.8109999999999999,0.982,0.982,0.7455,0.0063942857142857135,0.0009542857142857151,0.0009600000000000001,0.007785714285714287,4.5,8.0
1143.75,0.8034999999999999,0.9804999999999999,0.9814999999999999,0.7619999999999999,0.00555142857142857,0.0010257142857142865,0.0009685714285714283,0.007514285714285715,4.5,8.0
1146.875,0.7959999999999999,0.9815000000000002,0.9814999999999999,0.7569999999999999,0.0063657142857142844,0.0008142857142857148,0.0009285714285714285,0.006594285714285714,4.5,8.0
1150.0,0.7955,0.9799999999999999,0.9829999999999999,0.7674999999999998,0.006888571428571429,0.0008457142857142862,0.0007714285714285712,0.006899999999999999,4.5,8.0
1153.125,0.79,0.9814999999999999,0.9824999999999999,0.767,0.008462857142857143,0.0009514285714285718,0.0007628571428571429,0.007394285714285713,4.5,8.0
1156.25,0.8009999999999998,0.982,0.9810000000000001,0.7535,0.008360000000000001,0.0008914285714285719,0.0008057142857142857,0.00702,4.5,8.0
1159.375,0.792,0.9799999999999999,0.9845,0.755,0.007514285714285712,0.0009771428571428574,0.0006771428571428572,0.007697142857142856,4.5,8.0
1162.5,0.794,0.9815000000000002,0.9855,0.7489999999999999,0.006908571428571431,0.0008657142857142862,0.000665714285714286,0.008702857142857144,4.5,8.0
1165.625,0.7909999999999998,0.984,0.9824999999999999,0.758,0.008257142857142857,0.0008914285714285722,0.0008371428571428573,0.008605714285714284,4.5,8.0
1168.75,0.8024999999999999,0.9859999999999998,0.9835,0.761,0.008642857142857143,0.0009428571428571437,0.0006600000000000006,0.010662857142857139,4.5,8.0
1171.875,0.7994999999999999,0.9849999999999998,0.983,0.7614999999999998,0.008259999999999998,0.0010571428571428583,0.0006571428571428577,0.009185714285714285,4.5,8.0
1175.0,0.7974999999999999,0.9824999999999999,0.9815000000000002,0.758,0.0071285714285714286,0.0012200000000000008,0.0008199999999999998,0.006977142857142857,4.5,8.0
1178.125,0.8039999999999999,0.983,0.9834999999999999,0.7470000000000001,0.006337142857142856,0.0011314285714285723,0.0007000000000000003,0.009211428571428572,4.5,8.0
1181.25,0.8055,0.9834999999999999,0.9824999999999999,0.7699999999999998,0.006191428571428572,0.0012314285714285721,0.00074,0.006331428571428571,4.5,8.0
1184.375,0.8069999999999998,0.9825000000000002,0.9824999999999999,0.7745,0.006148571428571429,0.001242857142857144,0.0007742857142857141,0.006757142857142859,4.5,8.0
1187.5,0.7994999999999999,0.9814999999999999,0.9824999999999999,0.774,0.007345714285714286,0.001174285714285715,0.0008600000000000002,0.004685714285714286,4.5,8.0
1190.625,0.7925000000000001,0.9799999999999999,0.9810000000000001,0.7739999999999998,0.007574285714285714,0.0012171428571428578,0.001,0.004748571428571429,4.5,8.0
1193.75,0.8049999999999999,0.9814999999999999,0.9785,0.7595,0.00917142857142857,0.0010828571428571428,0.0011742857142857145,0.007065714285714286,4.5,8.0
1196.875,0.8069999999999998,0.9814999999999999,0.9795,0.7464999999999999,0.00988,0.001174285714285715,0.0010142857142857145,0.0074257142857142855,4.5,8.0
1200.0,0.8139999999999998,0.9795,0.9809999999999999,0.744,0.010005714285714284,0.001374285714285715,0.0009542857142857146,0.007365714285714284,4.5,8.0
1203.125,0.8139999999999998,0.9789999999999999,0.9805000000000001,0.7545,0.010497142857142854,0.001165714285714286,0.000951428571428572,0.007322857142857143,4.5,8.0
1206.25,0.8069999999999998,0.9799999999999999,0.9780000000000001,0.7509999999999999,0.01058285714285714,0.000977142857142857,0.0009542857142857148,0.006937142857142857,4.5,8.0
1209.375,0.8094999999999999,0.977,0.9780000000000001,0.7585,0.009717142857142858,0.001251428571428572,0.0010228571428571437,0.006831428571428572,4.5,8.0
1212.5,0.7994999999999999,0.977,0.9785,0.7649999999999999,0.008665714285714285,0.0014228571428571422,0.0010428571428571435,0.007520000000000001,4.5,8.0
1215.625,0.798,0.9789999999999999,0.9810000000000001,0.772,0.006725714285714286,0.001165714285714286,0.0010571428571428576,0.007891428571428574,4.5,8.0
1218.75,0.7899999999999998,0.9789999999999999,0.983,0.7615,0.007582857142857141,0.0013314285714285722,0.0009714285714285717,0.007951428571428571,4.5,8.0
1221.875,0.7780000000000001,0.9810000000000001,0.982,0.7685000000000001,0.007737142857142857,0.001091428571428572,0.0010000000000000002,0.006820000000000002,4.5,8.0
1225.0,0.779,0.9835,0.9775,0.768,0.008119999999999999,0.000791428571428572,0.0012314285714285715,0.007005714285714284,4.5,8.0
1228.125,0.78,0.9825000000000002,0.9755,0.7679999999999999,0.009434285714285716,0.0008771428571428576,0.001505714285714286,0.00542857142857143,4.5,8.0
1231.25,0.7875,0.982,0.975,0.7849999999999999,0.00866,0.0008514285714285718,0.0017314285714285717,0.005382857142857143,4.5,8.0
1234.375,0.7789999999999999,0.9844999999999999,0.9734999999999999,0.7919999999999999,0.0074285714285714285,0.000608571428571429,0.0015171428571428567,0.005697142857142855,4.5,8.0
1237.5,0.7749999999999999,0.9810000000000001,0.9739999999999999,0.7934999999999999,0.0074800000000000005,0.0008742857142857152,0.0014057142857142857,0.006168571428571428,4.5,8.0
1240.625,0.7859999999999999,0.9804999999999999,0.9730000000000001,0.7809999999999999,0.007679999999999998,0.0009742857142857151,0.0013371428571428577,0.007902857142857144,4.5,8.0
1243.75,0.792,0.983,0.9734999999999999,0.768,0.007719999999999998,0.0008742857142857146,0.001174285714285715,0.00821142857142857,4.5,8.0
1246.875,0.7944999999999999,0.9844999999999999,0.9719999999999999,0.7585000000000001,0.006962857142857143,0.0006371428571428576,0.0012228571428571438,0.00754,4.5,8.0
1250.0,0.8014999999999999,0.9860000000000001,0.9715,0.743,0.008157142857142856,0.0005428571428571434,0.0013685714285714295,0.00698857142857143,4.5,8.0
